{
  "ForageSpawnEnabled": true,
  "LargeObjectSpawnEnabled": true,
  "OreSpawnEnabled": true,
  "MonsterSpawnEnabled": false,
  "Forage_Spawn_Settings": {
    "Areas": [
      {
        "SpringItemIndex": null,
        "SummerItemIndex": null,
        "FallItemIndex": null,
        "WinterItemIndex": null,
        "UniqueAreaID": "Farm forage area 1",
        "MapName": "Farm",
        "MinimumSpawnsPerDay": 1,
        "MaximumSpawnsPerDay": 3,
        "IncludeTerrainTypes": [
          "Grass"
        ],
        "ExcludeTerrainTypes": [],
        "IncludeCoordinates": [],
        "ExcludeCoordinates": [
          "162,74;24,0",
          "22,48;2,31",
          "75,119;0,65",
          "82,115;0,52",
          "161,154;73,108",
          "137,88;137,85",
          "138,94;138,91"
        ],
        "StrictTileChecking": "High",
        "SpawnTiming": {
          "StartTime": 600,
          "EndTime": 600,
          "MinimumTimeBetweenSpawns": 10,
          "MaximumSimultaneousSpawns": null,
          "OnlySpawnIfAPlayerIsPresent": false,
          "SpawnSound": ""
        },
        "ExtraConditions": {
          "Years": [],
          "Seasons": [],
          "Days": [],
          "WeatherYesterday": [],
          "WeatherToday": [],
          "WeatherTomorrow": [],
          "GameStateQueries": [],
          "CPConditions": {},
          "EPUPreconditions": [],
          "LimitedNumberOfSpawns": null
        },
        "DaysUntilSpawnsExpire": 1
      },
      {
        "SpringItemIndex": null,
        "SummerItemIndex": null,
        "FallItemIndex": null,
        "WinterItemIndex": null,
        "UniqueAreaID": "Hilltop forage",
        "MapName": "Farm",
        "MinimumSpawnsPerDay": 2,
        "MaximumSpawnsPerDay": 5,
        "IncludeTerrainTypes": [
          "Grass"
        ],
        "ExcludeTerrainTypes": [],
        "IncludeCoordinates": [],
        "ExcludeCoordinates": [
          "162,74;0,0",
          "132,155;0,0",
          "162,155;132,83",
          "162,93;141,69"
        ],
        "StrictTileChecking": "High",
        "SpawnTiming": {
          "StartTime": 600,
          "EndTime": 600,
          "MinimumTimeBetweenSpawns": 10,
          "MaximumSimultaneousSpawns": null,
          "OnlySpawnIfAPlayerIsPresent": false,
          "SpawnSound": ""
        },
        "ExtraConditions": {
          "Years": [],
          "Seasons": [],
          "Days": [],
          "WeatherYesterday": [],
          "WeatherToday": [],
          "WeatherTomorrow": [],
          "GameStateQueries": [],
          "CPConditions": {},
          "EPUPreconditions": [],
          "LimitedNumberOfSpawns": null
        },
        "DaysUntilSpawnsExpire": 1
      },
      {
        "SpringItemIndex": [
          404,
          420
        ],
        "SummerItemIndex": [
          404,
          420,
          422
        ],
        "FallItemIndex": [
          404,
          420,
          422
        ],
        "WinterItemIndex": null,
        "UniqueAreaID": "Mushroom spawns at stump area",
        "MapName": "Farm",
        "MinimumSpawnsPerDay": 2,
        "MaximumSpawnsPerDay": 4,
        "IncludeTerrainTypes": [
          "Grass"
        ],
        "ExcludeTerrainTypes": [],
        "IncludeCoordinates": [],
        "ExcludeCoordinates": [
          "162,130;0,0",
          "90,155;0,0",
          "162,155;127,129"
        ],
        "StrictTileChecking": "High",
        "SpawnTiming": {
          "StartTime": 600,
          "EndTime": 600,
          "MinimumTimeBetweenSpawns": 10,
          "MaximumSimultaneousSpawns": null,
          "OnlySpawnIfAPlayerIsPresent": false,
          "SpawnSound": ""
        },
        "ExtraConditions": {
          "Years": [],
          "Seasons": [],
          "Days": [],
          "WeatherYesterday": [],
          "WeatherToday": [],
          "WeatherTomorrow": [],
          "GameStateQueries": [],
          "CPConditions": {},
          "EPUPreconditions": [],
          "LimitedNumberOfSpawns": null
        },
        "DaysUntilSpawnsExpire": 1
      },
      {
        "SpringItemIndex": [
          535
        ],
        "SummerItemIndex": [
          535
        ],
        "FallItemIndex": [
          535
        ],
        "WinterItemIndex": [
          535
        ],
        "UniqueAreaID": "Geode Spawns",
        "MapName": "Custom_DeepCave",
        "MinimumSpawnsPerDay": 1,
        "MaximumSpawnsPerDay": 1,
        "IncludeTerrainTypes": [],
        "ExcludeTerrainTypes": [],
        "IncludeCoordinates": [
          "34,21;29,16",
          "17,32;10,25",
          "43,34;40,30",
          "46,30;43,27"
        ],
        "ExcludeCoordinates": [],
        "StrictTileChecking": "High",
        "SpawnTiming": {
          "StartTime": 600,
          "EndTime": 600,
          "MinimumTimeBetweenSpawns": 10,
          "MaximumSimultaneousSpawns": null,
          "OnlySpawnIfAPlayerIsPresent": false,
          "SpawnSound": ""
        },
        "ExtraConditions": {
          "Years": [],
          "Seasons": [],
          "Days": [],
          "WeatherYesterday": [],
          "WeatherToday": [],
          "WeatherTomorrow": [],
          "GameStateQueries": [],
          "CPConditions": {},
          "EPUPreconditions": [],
          "LimitedNumberOfSpawns": null
        },
        "DaysUntilSpawnsExpire": 2
      },
      {
        "SpringItemIndex": [
          535
        ],
        "SummerItemIndex": [
          535
        ],
        "FallItemIndex": [
          535
        ],
        "WinterItemIndex": [
          535
        ],
        "UniqueAreaID": "DeepCave forage area 1",
        "MapName": "Custom_DeepCave",
        "MinimumSpawnsPerDay": 1,
        "MaximumSpawnsPerDay": 1,
        "IncludeTerrainTypes": [],
        "ExcludeTerrainTypes": [],
        "IncludeCoordinates": [
          "34,21;29,16",
          "17,32;10,25",
          "43,34;40,30",
          "46,30;43,27"
        ],
        "ExcludeCoordinates": [],
        "StrictTileChecking": "High",
        "SpawnTiming": {
          "StartTime": 600,
          "EndTime": 600,
          "MinimumTimeBetweenSpawns": 10,
          "MaximumSimultaneousSpawns": null,
          "OnlySpawnIfAPlayerIsPresent": false,
          "SpawnSound": ""
        },
        "ExtraConditions": {
          "Years": [
            "3+"
          ],
          "Seasons": [],
          "Days": [],
          "WeatherYesterday": [],
          "WeatherToday": [],
          "WeatherTomorrow": [],
          "GameStateQueries": [],
          "CPConditions": {},
          "EPUPreconditions": [],
          "LimitedNumberOfSpawns": null
        },
        "DaysUntilSpawnsExpire": 3
      },
      {
        "SpringItemIndex": [
          571,
          574,
          568,
          542,
          569,
          557,
          538,
          552,
          556,
          549
        ],
        "SummerItemIndex": [
          571,
          574,
          568,
          542,
          569,
          557,
          538,
          552,
          556,
          549
        ],
        "FallItemIndex": [
          571,
          574,
          568,
          542,
          569,
          557,
          538,
          552,
          556,
          549
        ],
        "WinterItemIndex": [
          571,
          574,
          568,
          542,
          569,
          557,
          538,
          552,
          556,
          549
        ],
        "UniqueAreaID": "Geode Mineral Spawns",
        "MapName": "Custom_DeepCave",
        "MinimumSpawnsPerDay": 0,
        "MaximumSpawnsPerDay": 1,
        "IncludeTerrainTypes": [],
        "ExcludeTerrainTypes": [],
        "IncludeCoordinates": [
          "34,21;29,16",
          "17,32;10,25",
          "43,34;40,30",
          "46,30;43,27"
        ],
        "ExcludeCoordinates": [],
        "StrictTileChecking": "High",
        "SpawnTiming": {
          "StartTime": 600,
          "EndTime": 600,
          "MinimumTimeBetweenSpawns": 10,
          "MaximumSimultaneousSpawns": null,
          "OnlySpawnIfAPlayerIsPresent": false,
          "SpawnSound": ""
        },
        "ExtraConditions": {
          "Years": [],
          "Seasons": [],
          "Days": [],
          "WeatherYesterday": [],
          "WeatherToday": [],
          "WeatherTomorrow": [],
          "GameStateQueries": [],
          "CPConditions": {},
          "EPUPreconditions": [],
          "LimitedNumberOfSpawns": null
        },
        "DaysUntilSpawnsExpire": 2
      },
      {
        "SpringItemIndex": [
          544,
          567,
          559,
          546,
          541
        ],
        "SummerItemIndex": [
          544,
          567,
          559,
          546,
          541
        ],
        "FallItemIndex": [
          544,
          567,
          559,
          546,
          541
        ],
        "WinterItemIndex": [
          544,
          567,
          559,
          546,
          541
        ],
        "UniqueAreaID": "Frozen Geode Mineral Spawns",
        "MapName": "Custom_DeepCave",
        "MinimumSpawnsPerDay": 0,
        "MaximumSpawnsPerDay": 1,
        "IncludeTerrainTypes": [],
        "ExcludeTerrainTypes": [],
        "IncludeCoordinates": [
          "34,21;29,16",
          "17,32;10,25",
          "43,34;40,30",
          "46,30;43,27"
        ],
        "ExcludeCoordinates": [],
        "StrictTileChecking": "High",
        "SpawnTiming": {
          "StartTime": 600,
          "EndTime": 600,
          "MinimumTimeBetweenSpawns": 10,
          "MaximumSimultaneousSpawns": null,
          "OnlySpawnIfAPlayerIsPresent": false,
          "SpawnSound": ""
        },
        "ExtraConditions": {
          "Years": [],
          "Seasons": [],
          "Days": [],
          "WeatherYesterday": [],
          "WeatherToday": [],
          "WeatherTomorrow": [],
          "GameStateQueries": [],
          "CPConditions": {},
          "EPUPreconditions": [],
          "LimitedNumberOfSpawns": null
        },
        "DaysUntilSpawnsExpire": 2
      },
      {
        "SpringItemIndex": [
          544,
          567,
          559,
          546,
          541
        ],
        "SummerItemIndex": [
          544,
          567,
          559,
          546,
          541
        ],
        "FallItemIndex": [
          544,
          567,
          559,
          546,
          541
        ],
        "WinterItemIndex": [
          544,
          567,
          559,
          546,
          541
        ],
        "UniqueAreaID": "Frozen Geode Mineral Spawns 2",
        "MapName": "Custom_DeepCave",
        "MinimumSpawnsPerDay": 0,
        "MaximumSpawnsPerDay": 1,
        "IncludeTerrainTypes": [],
        "ExcludeTerrainTypes": [],
        "IncludeCoordinates": [
          "34,21;29,16",
          "17,32;10,25",
          "43,34;40,30",
          "46,30;43,27"
        ],
        "ExcludeCoordinates": [],
        "StrictTileChecking": "High",
        "SpawnTiming": {
          "StartTime": 600,
          "EndTime": 600,
          "MinimumTimeBetweenSpawns": 10,
          "MaximumSimultaneousSpawns": null,
          "OnlySpawnIfAPlayerIsPresent": false,
          "SpawnSound": ""
        },
        "ExtraConditions": {
          "Years": [
            "2+"
          ],
          "Seasons": [],
          "Days": [],
          "WeatherYesterday": [],
          "WeatherToday": [],
          "WeatherTomorrow": [],
          "GameStateQueries": [],
          "CPConditions": {},
          "EPUPreconditions": [],
          "LimitedNumberOfSpawns": null
        },
        "DaysUntilSpawnsExpire": 2
      },
      {
        "SpringItemIndex": [
          578,
          547,
          553,
          554
        ],
        "SummerItemIndex": [
          578,
          547,
          553,
          554
        ],
        "FallItemIndex": [
          578,
          547,
          553,
          554
        ],
        "WinterItemIndex": [
          578,
          547,
          553,
          554
        ],
        "UniqueAreaID": "Magma Geode Mineral Spawns",
        "MapName": "Custom_DeepCave",
        "MinimumSpawnsPerDay": 0,
        "MaximumSpawnsPerDay": 1,
        "IncludeTerrainTypes": [],
        "ExcludeTerrainTypes": [],
        "IncludeCoordinates": [
          "34,21;29,16",
          "17,32;10,25",
          "43,34;40,30",
          "46,30;43,27"
        ],
        "ExcludeCoordinates": [],
        "StrictTileChecking": "High",
        "SpawnTiming": {
          "StartTime": 600,
          "EndTime": 600,
          "MinimumTimeBetweenSpawns": 10,
          "MaximumSimultaneousSpawns": null,
          "OnlySpawnIfAPlayerIsPresent": false,
          "SpawnSound": ""
        },
        "ExtraConditions": {
          "Years": [
            "2+"
          ],
          "Seasons": [],
          "Days": [],
          "WeatherYesterday": [],
          "WeatherToday": [],
          "WeatherTomorrow": [],
          "GameStateQueries": [],
          "CPConditions": {},
          "EPUPreconditions": [],
          "LimitedNumberOfSpawns": null
        },
        "DaysUntilSpawnsExpire": 4
      },
      {
        "SpringItemIndex": [
          578,
          547,
          553,
          554
        ],
        "SummerItemIndex": [
          578,
          547,
          553,
          554
        ],
        "FallItemIndex": [
          578,
          547,
          553,
          554
        ],
        "WinterItemIndex": [
          578,
          547,
          553,
          554
        ],
        "UniqueAreaID": "Magma Geode Mineral Spawns 2",
        "MapName": "Custom_DeepCave",
        "MinimumSpawnsPerDay": 0,
        "MaximumSpawnsPerDay": 1,
        "IncludeTerrainTypes": [],
        "ExcludeTerrainTypes": [],
        "IncludeCoordinates": [
          "34,21;29,16",
          "17,32;10,25",
          "43,34;40,30",
          "46,30;43,27"
        ],
        "ExcludeCoordinates": [],
        "StrictTileChecking": "High",
        "SpawnTiming": {
          "StartTime": 600,
          "EndTime": 600,
          "MinimumTimeBetweenSpawns": 10,
          "MaximumSimultaneousSpawns": null,
          "OnlySpawnIfAPlayerIsPresent": false,
          "SpawnSound": ""
        },
        "ExtraConditions": {
          "Years": [
            "3+"
          ],
          "Seasons": [],
          "Days": [],
          "WeatherYesterday": [],
          "WeatherToday": [],
          "WeatherTomorrow": [],
          "GameStateQueries": [],
          "CPConditions": {},
          "EPUPreconditions": [],
          "LimitedNumberOfSpawns": null
        },
        "DaysUntilSpawnsExpire": 4
      },
      {
        "SpringItemIndex": [
          74
        ],
        "SummerItemIndex": [
          74
        ],
        "FallItemIndex": [
          74
        ],
        "WinterItemIndex": [
          74
        ],
        "UniqueAreaID": "Prismatic Shard Spawn",
        "MapName": "Custom_DeepCave",
        "MinimumSpawnsPerDay": 0,
        "MaximumSpawnsPerDay": 1,
        "IncludeTerrainTypes": [],
        "ExcludeTerrainTypes": [],
        "IncludeCoordinates": [
          "31,18;31,18"
        ],
        "ExcludeCoordinates": [],
        "StrictTileChecking": "High",
        "SpawnTiming": {
          "StartTime": 600,
          "EndTime": 600,
          "MinimumTimeBetweenSpawns": 10,
          "MaximumSimultaneousSpawns": null,
          "OnlySpawnIfAPlayerIsPresent": false,
          "SpawnSound": ""
        },
        "ExtraConditions": {
          "Years": [
            "3+"
          ],
          "Seasons": [],
          "Days": [],
          "WeatherYesterday": [],
          "WeatherToday": [],
          "WeatherTomorrow": [],
          "GameStateQueries": [],
          "CPConditions": {},
          "EPUPreconditions": [],
          "LimitedNumberOfSpawns": 1
        },
        "DaysUntilSpawnsExpire": 0
      },
      {
        "SpringItemIndex": [
          74
        ],
        "SummerItemIndex": [
          74
        ],
        "FallItemIndex": [
          74
        ],
        "WinterItemIndex": [
          74
        ],
        "UniqueAreaID": "DeepCave forage area 2",
        "MapName": "Custom_DeepCave",
        "MinimumSpawnsPerDay": 0,
        "MaximumSpawnsPerDay": 1,
        "IncludeTerrainTypes": [],
        "ExcludeTerrainTypes": [],
        "IncludeCoordinates": [
          "34,21;29,16",
          "17,32;10,25",
          "43,34;40,30",
          "46,30;43,27"
        ],
        "ExcludeCoordinates": [],
        "StrictTileChecking": "High",
        "SpawnTiming": {
          "StartTime": 600,
          "EndTime": 600,
          "MinimumTimeBetweenSpawns": 10,
          "MaximumSimultaneousSpawns": null,
          "OnlySpawnIfAPlayerIsPresent": false,
          "SpawnSound": ""
        },
        "ExtraConditions": {
          "Years": [
            "4+"
          ],
          "Seasons": [],
          "Days": [],
          "WeatherYesterday": [],
          "WeatherToday": [],
          "WeatherTomorrow": [],
          "GameStateQueries": [],
          "CPConditions": {},
          "EPUPreconditions": [],
          "LimitedNumberOfSpawns": null
        },
        "DaysUntilSpawnsExpire": 1
      }
    ],
    "PercentExtraSpawnsPerForagingLevel": 2,
    "SpringItemIndex": [
      16,
      18,
      20,
      22
    ],
    "SummerItemIndex": [
      259,
      396,
      398,
      402,
      404,
      420
    ],
    "FallItemIndex": [
      257,
      406,
      410,
      408,
      281,
      404,
      420,
      422
    ],
    "WinterItemIndex": [
      283,
      414,
      418
    ],
    "CustomTileIndex": []
  },
  "Large_Object_Spawn_Settings": {
    "Areas": [
      {
        "ObjectTypes": [
          "Stump"
        ],
        "FindExistingObjectLocations": false,
        "PercentExtraSpawnsPerSkillLevel": 0,
        "RelatedSkill": "Foraging",
        "UniqueAreaID": "Farm large object area 1",
        "MapName": "Farm",
        "MinimumSpawnsPerDay": 8,
        "MaximumSpawnsPerDay": 8,
        "IncludeTerrainTypes": [],
        "ExcludeTerrainTypes": [],
        "IncludeCoordinates": [
          "99,140;99,140",
          "101,136;101,136",
          "102,142;102,142",
          "107,138;107,138",
          "106,145;106,145",
          "110,141;110,141",
          "115,144;115,144",
          "119,142;119,142"
        ],
        "ExcludeCoordinates": [],
        "StrictTileChecking": "High",
        "SpawnTiming": {
          "StartTime": 600,
          "EndTime": 600,
          "MinimumTimeBetweenSpawns": 10,
          "MaximumSimultaneousSpawns": null,
          "OnlySpawnIfAPlayerIsPresent": false,
          "SpawnSound": ""
        },
        "ExtraConditions": {
          "Years": [],
          "Seasons": [],
          "Days": [],
          "WeatherYesterday": [],
          "WeatherToday": [],
          "WeatherTomorrow": [],
          "GameStateQueries": [],
          "CPConditions": {},
          "EPUPreconditions": [],
          "LimitedNumberOfSpawns": null
        },
        "DaysUntilSpawnsExpire": null
      },
      {
        "ObjectTypes": [
          "Meteorite"
        ],
        "FindExistingObjectLocations": false,
        "PercentExtraSpawnsPerSkillLevel": 0,
        "RelatedSkill": "Foraging",
        "UniqueAreaID": "Farm Meteorite Block",
        "MapName": "Farm",
        "MinimumSpawnsPerDay": 1,
        "MaximumSpawnsPerDay": 1,
        "IncludeTerrainTypes": [],
        "ExcludeTerrainTypes": [],
        "IncludeCoordinates": [
          "77,117;77,117"
        ],
        "ExcludeCoordinates": [],
        "StrictTileChecking": "High",
        "SpawnTiming": {
          "StartTime": 600,
          "EndTime": 600,
          "MinimumTimeBetweenSpawns": 10,
          "MaximumSimultaneousSpawns": null,
          "OnlySpawnIfAPlayerIsPresent": false,
          "SpawnSound": ""
        },
        "ExtraConditions": {
          "Years": [],
          "Seasons": [],
          "Days": [],
          "WeatherYesterday": [],
          "WeatherToday": [],
          "WeatherTomorrow": [],
          "GameStateQueries": [],
          "CPConditions": {},
          "EPUPreconditions": [],
          "LimitedNumberOfSpawns": 1
        },
        "DaysUntilSpawnsExpire": null
      },
      {
        "ObjectTypes": [
          "Meteorite"
        ],
        "FindExistingObjectLocations": false,
        "PercentExtraSpawnsPerSkillLevel": 0,
        "RelatedSkill": "Foraging",
        "UniqueAreaID": "Farm Meteorites x2 - If no giant crop is present on preexisting save on day 1",
        "MapName": "Farm",
        "MinimumSpawnsPerDay": 2,
        "MaximumSpawnsPerDay": 2,
        "IncludeTerrainTypes": [],
        "ExcludeTerrainTypes": [],
        "IncludeCoordinates": [
          "78,99;78,99",
          "80,100;80,100"
        ],
        "ExcludeCoordinates": [],
        "StrictTileChecking": "High",
        "SpawnTiming": {
          "StartTime": 600,
          "EndTime": 600,
          "MinimumTimeBetweenSpawns": 10,
          "MaximumSimultaneousSpawns": null,
          "OnlySpawnIfAPlayerIsPresent": false,
          "SpawnSound": ""
        },
        "ExtraConditions": {
          "Years": [],
          "Seasons": [],
          "Days": [
            "2-28"
          ],
          "WeatherYesterday": [],
          "WeatherToday": [],
          "WeatherTomorrow": [],
          "GameStateQueries": [],
          "CPConditions": {},
          "EPUPreconditions": [],
          "LimitedNumberOfSpawns": 2
        },
        "DaysUntilSpawnsExpire": null
      },
      {
        "ObjectTypes": [
          "Giant Cauliflower"
        ],
        "FindExistingObjectLocations": false,
        "PercentExtraSpawnsPerSkillLevel": 0,
        "RelatedSkill": "Foraging",
        "UniqueAreaID": "Farm Giant Cauliflower Spawns",
        "MapName": "Farm",
        "MinimumSpawnsPerDay": 1,
        "MaximumSpawnsPerDay": 1,
        "IncludeTerrainTypes": [],
        "ExcludeTerrainTypes": [],
        "IncludeCoordinates": [
          "79,99;79,99"
        ],
        "ExcludeCoordinates": [],
        "StrictTileChecking": "High",
        "SpawnTiming": {
          "StartTime": 600,
          "EndTime": 600,
          "MinimumTimeBetweenSpawns": 10,
          "MaximumSimultaneousSpawns": null,
          "OnlySpawnIfAPlayerIsPresent": false,
          "SpawnSound": ""
        },
        "ExtraConditions": {
          "Years": [],
          "Seasons": [
            "Spring"
          ],
          "Days": [
            "1"
          ],
          "WeatherYesterday": [],
          "WeatherToday": [],
          "WeatherTomorrow": [],
          "GameStateQueries": [],
          "CPConditions": {},
          "EPUPreconditions": [],
          "LimitedNumberOfSpawns": null
        },
        "DaysUntilSpawnsExpire": 27
      },
      {
        "ObjectTypes": [
          "Giant Melon"
        ],
        "FindExistingObjectLocations": false,
        "PercentExtraSpawnsPerSkillLevel": 0,
        "RelatedSkill": "Foraging",
        "UniqueAreaID": "Farm Giant Melon Spawns",
        "MapName": "Farm",
        "MinimumSpawnsPerDay": 1,
        "MaximumSpawnsPerDay": 1,
        "IncludeTerrainTypes": [],
        "ExcludeTerrainTypes": [],
        "IncludeCoordinates": [
          "79,99;79,99"
        ],
        "ExcludeCoordinates": [],
        "StrictTileChecking": "High",
        "SpawnTiming": {
          "StartTime": 600,
          "EndTime": 600,
          "MinimumTimeBetweenSpawns": 10,
          "MaximumSimultaneousSpawns": null,
          "OnlySpawnIfAPlayerIsPresent": false,
          "SpawnSound": ""
        },
        "ExtraConditions": {
          "Years": [],
          "Seasons": [
            "Summer"
          ],
          "Days": [
            "1"
          ],
          "WeatherYesterday": [],
          "WeatherToday": [],
          "WeatherTomorrow": [],
          "GameStateQueries": [],
          "CPConditions": {},
          "EPUPreconditions": [],
          "LimitedNumberOfSpawns": null
        },
        "DaysUntilSpawnsExpire": 27
      },
      {
        "ObjectTypes": [
          "Giant Pumpkin"
        ],
        "FindExistingObjectLocations": false,
        "PercentExtraSpawnsPerSkillLevel": 0,
        "RelatedSkill": "Foraging",
        "UniqueAreaID": "Farm Giant Pumpkin Spawns",
        "MapName": "Farm",
        "MinimumSpawnsPerDay": 1,
        "MaximumSpawnsPerDay": 1,
        "IncludeTerrainTypes": [],
        "ExcludeTerrainTypes": [],
        "IncludeCoordinates": [
          "79,99;79,99"
        ],
        "ExcludeCoordinates": [],
        "StrictTileChecking": "High",
        "SpawnTiming": {
          "StartTime": 600,
          "EndTime": 600,
          "MinimumTimeBetweenSpawns": 10,
          "MaximumSimultaneousSpawns": null,
          "OnlySpawnIfAPlayerIsPresent": false,
          "SpawnSound": ""
        },
        "ExtraConditions": {
          "Years": [],
          "Seasons": [
            "Fall"
          ],
          "Days": [
            "1"
          ],
          "WeatherYesterday": [],
          "WeatherToday": [],
          "WeatherTomorrow": [],
          "GameStateQueries": [],
          "CPConditions": {},
          "EPUPreconditions": [],
          "LimitedNumberOfSpawns": null
        },
        "DaysUntilSpawnsExpire": 27
      },
      {
        "ObjectTypes": [
          "Meteorite"
        ],
        "FindExistingObjectLocations": false,
        "PercentExtraSpawnsPerSkillLevel": 0,
        "RelatedSkill": "Foraging",
        "UniqueAreaID": "Farm Meteorite Spawns",
        "MapName": "Farm",
        "MinimumSpawnsPerDay": 1,
        "MaximumSpawnsPerDay": 1,
        "IncludeTerrainTypes": [],
        "ExcludeTerrainTypes": [],
        "IncludeCoordinates": [
          "79,99;79,99"
        ],
        "ExcludeCoordinates": [],
        "StrictTileChecking": "High",
        "SpawnTiming": {
          "StartTime": 600,
          "EndTime": 600,
          "MinimumTimeBetweenSpawns": 10,
          "MaximumSimultaneousSpawns": null,
          "OnlySpawnIfAPlayerIsPresent": false,
          "SpawnSound": ""
        },
        "ExtraConditions": {
          "Years": [],
          "Seasons": [
            "Winter"
          ],
          "Days": [
            "1"
          ],
          "WeatherYesterday": [],
          "WeatherToday": [],
          "WeatherTomorrow": [],
          "GameStateQueries": [],
          "CPConditions": {},
          "EPUPreconditions": [],
          "LimitedNumberOfSpawns": null
        },
        "DaysUntilSpawnsExpire": 27
      }
    ],
    "CustomTileIndex": []
  },
  "Ore_Spawn_Settings": {
    "Areas": [
      {
        "MiningLevelRequired": null,
        "StartingSpawnChance": null,
        "LevelTenSpawnChance": null,
        "UniqueAreaID": "Farm ore area 1",
        "MapName": "Farm",
        "MinimumSpawnsPerDay": 4,
        "MaximumSpawnsPerDay": 10,
        "IncludeTerrainTypes": [
          "Quarry"
        ],
        "ExcludeTerrainTypes": [],
        "IncludeCoordinates": [
          "49,153;27,137",
          "27,148;23,137",
          "22,144;20,137",
          "21,144;17,137"
        ],
        "ExcludeCoordinates": [],
        "StrictTileChecking": "High",
        "SpawnTiming": {
          "StartTime": 600,
          "EndTime": 600,
          "MinimumTimeBetweenSpawns": 10,
          "MaximumSimultaneousSpawns": null,
          "OnlySpawnIfAPlayerIsPresent": false,
          "SpawnSound": ""
        },
        "ExtraConditions": {
          "Years": [],
          "Seasons": [],
          "Days": [],
          "WeatherYesterday": [],
          "WeatherToday": [],
          "WeatherTomorrow": [],
          "GameStateQueries": [],
          "CPConditions": {},
          "EPUPreconditions": [],
          "LimitedNumberOfSpawns": null
        },
        "DaysUntilSpawnsExpire": 5
      }
    ],
    "PercentExtraSpawnsPerMiningLevel": 1,
    "MiningLevelRequired": {
      "Stone": 0,
      "Geode": 2,
      "FrozenGeode": 5,
      "MagmaGeode": 7,
      "Gem": 6,
      "Copper": 2,
      "Iron": 5,
      "Gold": 8,
      "Iridium": 0,
      "Mystic": 0,
      "Diamond": 0,
      "Ruby": 0,
      "Jade": 0,
      "Amethyst": 0,
      "Topaz": 0,
      "Emerald": 0,
      "Aquamarine": 0
    },
    "StartingSpawnChance": {
      "Stone": 60,
      "Geode": 4,
      "FrozenGeode": 3,
      "MagmaGeode": 2,
      "Gem": 3,
      "Copper": 15,
      "Iron": 7,
      "Gold": 4,
      "Iridium": 0,
      "Mystic": 0,
      "Diamond": 0,
      "Ruby": 0,
      "Jade": 0,
      "Amethyst": 0,
      "Topaz": 0,
      "Emerald": 0,
      "Aquamarine": 0
    },
    "LevelTenSpawnChance": {
      "Stone": 50,
      "Geode": 7,
      "FrozenGeode": 4,
      "MagmaGeode": 3,
      "Gem": 5,
      "Copper": 20,
      "Iron": 15,
      "Gold": 10,
      "Iridium": 0,
      "Mystic": 0,
      "Diamond": 0,
      "Ruby": 0,
      "Jade": 0,
      "Amethyst": 0,
      "Topaz": 0,
      "Emerald": 0,
      "Aquamarine": 0
    },
    "CustomTileIndex": []
  },
  "Monster_Spawn_Settings": {
    "Areas": [
      {
        "MonsterTypes": [
          {
            "MonsterName": "shadow brute",
            "Settings": {
              "RelatedSkill": "Combat",
              "MinimumSkillLevel": 8
            }
          },
          {
            "MonsterName": "wilderness golem",
            "Settings": {
              "SpawnWeight": 4
            }
          },
          {
            "MonsterName": "purple slime",
            "Settings": {
              "RelatedSkill": "Combat",
              "MinimumSkillLevel": 10,
              "SpawnWeight": 2
            }
          },
          {
            "MonsterName": "red slime",
            "Settings": {
              "RelatedSkill": "Combat",
              "MinimumSkillLevel": 8,
              "MaximumSkillLevel": 9,
              "SpawnWeight": 2
            }
          },
          {
            "MonsterName": "blue slime",
            "Settings": {
              "RelatedSkill": "Combat",
              "MinimumSkillLevel": 4,
              "MaximumSkillLevel": 7,
              "SpawnWeight": 2
            }
          },
          {
            "MonsterName": "green slime",
            "Settings": {
              "RelatedSkill": "Combat",
              "MaximumSkillLevel": 3,
              "SpawnWeight": 2
            }
          }
        ],
        "UniqueAreaID": "Farm monster area 1",
        "MapName": "Farm",
        "MinimumSpawnsPerDay": 5,
        "MaximumSpawnsPerDay": 8,
        "IncludeTerrainTypes": [
          "Dirt",
          "Diggable",
          "Grass"
        ],
        "ExcludeTerrainTypes": [],
        "IncludeCoordinates": [],
        "ExcludeCoordinates": [],
        "StrictTileChecking": "High",
        "SpawnTiming": {
          "StartTime": 1900,
          "EndTime": 2550,
          "MinimumTimeBetweenSpawns": 10,
          "MaximumSimultaneousSpawns": 1,
          "OnlySpawnIfAPlayerIsPresent": true,
          "SpawnSound": ""
        },
        "ExtraConditions": {
          "Years": [],
          "Seasons": [],
          "Days": [],
          "WeatherYesterday": [],
          "WeatherToday": [],
          "WeatherTomorrow": [],
          "GameStateQueries": [],
          "CPConditions": {},
          "EPUPreconditions": [],
          "LimitedNumberOfSpawns": null
        },
        "DaysUntilSpawnsExpire": null
      },
      {
        "MonsterTypes": [
          {
            "MonsterName": "iridium bat",
            "Settings": {
              "RelatedSkill": "Combat",
              "MinimumSkillLevel": 10,
              "SpawnWeight": 4
            }
          },
          {
            "MonsterName": "serpent",
            "Settings": {
              "RelatedSkill": "Combat",
              "MinimumSkillLevel": 10,
              "SpawnWeight": 3
            }
          },
          {
            "MonsterName": "lava bat",
            "Settings": {
              "RelatedSkill": "Combat",
              "MinimumSkillLevel": 8,
              "SpawnWeight": 4
            }
          },
          {
            "MonsterName": "frost bat",
            "Settings": {
              "RelatedSkill": "Combat",
              "MinimumSkillLevel": 5,
              "SpawnWeight": 2
            }
          },
          {
            "MonsterName": "bat",
            "Settings": {
              "SpawnWeight": 2
            }
          }
        ],
        "UniqueAreaID": "Farm monster area 2",
        "MapName": "Farm",
        "MinimumSpawnsPerDay": 2,
        "MaximumSpawnsPerDay": 3,
        "IncludeTerrainTypes": [
          "Dirt",
          "Diggable",
          "Grass"
        ],
        "ExcludeTerrainTypes": [],
        "IncludeCoordinates": [],
        "ExcludeCoordinates": [],
        "StrictTileChecking": "High",
        "SpawnTiming": {
          "StartTime": 1900,
          "EndTime": 2550,
          "MinimumTimeBetweenSpawns": 10,
          "MaximumSimultaneousSpawns": 1,
          "OnlySpawnIfAPlayerIsPresent": true,
          "SpawnSound": ""
        },
        "ExtraConditions": {
          "Years": [],
          "Seasons": [],
          "Days": [],
          "WeatherYesterday": [],
          "WeatherToday": [],
          "WeatherTomorrow": [],
          "GameStateQueries": [],
          "CPConditions": {},
          "EPUPreconditions": [],
          "LimitedNumberOfSpawns": null
        },
        "DaysUntilSpawnsExpire": null
      }
    ],
    "CustomTileIndex": []
  },
  "QuarryTileIndex": [
    556,
    558,
    583,
    606,
    607,
    608,
    630,
    635,
    636,
    680,
    681,
    685
  ],
  "File_Conditions": {
    "FarmTypes": [
      "Standard"
    ],
    "FarmerNames": [],
    "SaveFileNames": [],
    "OtherMods": {
      "flashshifter.immersivefarm2remastered": true,
      "flashshifter.GrandpasFarm": false
    }
  }
}